{
  "poses": {
    "cam_1": {
      "T_cam_box": [
        [
          0.765975811417264,
          -0.011842403857733073,
          -0.6427603081978029,
          0.047708347936386335
        ],
        [
          0.11902351306636075,
          -0.9799322062792183,
          0.1598945728725198,
          0.07426751675888568
        ],
        [
          -0.6317550630275995,
          -0.19897896513856445,
          -0.7491948423283358,
          0.3073579017446977
        ],
        [
          0.0,
          0.0,
          0.0,
          1.0
        ]
      ],
      "reprojection_error_px": 1.4767763912677765,
      "n_frames_used": 1
    },
    "cam_2": {
      "T_cam_box": [
        [
          0.7681049144334293,
          -0.00977157950573252,
          -0.6402494487753793,
          0.04699891507440799
        ],
        [
          0.11587096760392349,
          -0.9812554302380125,
          0.15398603668821162,
          0.0745057125675557
        ],
        [
          -0.6297529351180068,
          -0.19246375467182356,
          -0.7525748759079588,
          0.3059391240505676
        ],
        [
          0.0,
          0.0,
          0.0,
          1.0
        ]
      ],
      "reprojection_error_px": 1.373794639110565,
      "n_frames_used": 1
    },
    "cam_3": {
      "T_cam_box": [
        [
          -0.7840087184464141,
          -0.0008405954155056988,
          -0.6207492430920549,
          0.10891766274644876
        ],
        [
          0.11833967925551227,
          -0.9818615354645853,
          -0.14813387691149307,
          0.0882689747467799
        ],
        [
          -0.6093652843030313,
          -0.1895975173214943,
          0.7698874799032727,
          0.23947335584212992
        ],
        [
          0.0,
          0.0,
          0.0,
          1.0
        ]
      ],
      "reprojection_error_px": 1.1335212190945942,
      "n_frames_used": 1
    }
  }
}