{
  "position_box_m": [
    0.04019179194455785,
    0.10717510507452419,
    0.041967656074986065
  ],
  "covariance_box_m2": [
    [
      2.0780893831031733e-12,
      1.5060514894417976e-13,
      6.438885823746147e-13
    ],
    [
      1.5060514894417976e-13,
      1.373591732177006e-12,
      2.4585953491193353e-13
    ],
    [
      6.438885823746147e-13,
      2.4585953491193353e-13,
      3.8593594477734304e-12
    ]
  ],
  "n_cameras": 3,
  "reprojection_residuals_px": {
    "cam_1": [
      0.35318470212200737,
      0.6594316492515873
    ],
    "cam_2": [
      -0.49350207606312324,
      -1.8964908533029643
    ],
    "cam_3": [
      -0.18187265728215607,
      1.220364756523054
    ]
  }
}